alpha,threshold,placement,runs,requests,mean_ms,ci95_ms,median_ms,p95_ms,p99_ms,mean_attempts,censored_share,expected_ms,within_ci
0.1,0.9,per-attempt,5,5000,5.3062595856,0.13467044283540708,4.001736,10.00368,20.00394408,1.0336,0.0,5.28,True
0.1,0.9,per-request,5,5000,5.3222404624,0.21185154808072268,4.001728,10.00368,22.000737439999998,1.0404,0.0,5.33,True
0.1,0.95,per-attempt,5,5000,6.6400374912,0.2124014168466383,6.00216,18.103524000000366,30.00368,1.12,0.0,6.51,True
0.1,0.95,per-request,5,5000,6.637632744000001,0.19002173304063477,6.00216,20.003824,32.004704,1.1208,0.0,6.65,True
0.1,0.99,per-attempt,5,5000,9.968092559999999,0.17618175263218178,6.002208,30.0038164,48.02745136000044,1.3314,0.0,9.96,True
0.1,0.99,per-request,5,5000,10.101302868800001,0.38983061552240833,6.002208,30.003968,50.00808144,1.3416,0.0,10.05,True
0.1,1.0,per-attempt,5,5000,9.968092559999999,0.17618175263218178,6.002208,30.0038164,48.02745136000044,1.3314,0.0,9.96,True
0.1,1.0,per-request,5,5000,10.101302868800001,0.38983061552240833,6.002208,30.003968,50.00808144,1.3416,0.0,10.05,True
0.5,0.9,per-attempt,5,5000,2.9323272592,0.1142945782106974,2.000736,12.00088,22.00086408,1.1124,0.0,2.99,True
0.5,0.9,per-request,5,5000,4.2491929536,0.4848447679576122,2.000736,20.00383,52.005264159999996,1.2278,0.0,4.22,True
0.5,0.95,per-attempt,5,5000,6.734540870400001,0.31558215292864844,2.00088,26.002352,42.004602080000005,1.44,0.0,7.0,True
0.5,0.95,per-request,5,5000,13.4197539888,1.190708151654653,2.00088,56.0025008,170.00820936,2.0072,0.0,13.91,True
0.5,0.99,per-attempt,5,5000,47.5034935408,2.597838367923176,24.001472,172.009124,292.01820272,4.8948,0.0,45.97,True
0.5,0.99,per-request,5,5000,103.5960383728,6.072137205965954,30.00368,482.1348880000004,968.239568480004,9.6208,0.0,97.77,True
0.5,1.0,per-attempt,5,5000,47.5034935408,2.597838367923176,24.001472,172.009124,292.01820272,4.8948,0.0,45.97,True
0.5,1.0,per-request,5,5000,103.5960383728,6.072137205965954,30.00368,482.1348880000004,968.239568480004,9.6208,0.0,97.77,True
0.9,0.9,per-attempt,5,5000,1.6225077328000002,0.18191140292828847,0.0,10.0,20.0,1.1364,0.0,1.72,True
0.9,0.9,per-request,5,1000,40.734460463999994,17.240929095975737,0.0,112.000864,1284.2783455999997,4.964,0.0,54.02,True
0.9,0.95,per-attempt,5,5000,6.6757464656,0.49197856360909287,0.0,30.0,50.0,1.6322,0.0,6.38,True
0.9,0.95,per-request,5,1000,896.07050041,455.13640119088456,0.0,1726.1136471999964,29816.67505849992,88.651,0.008,755.96,True
0.9,0.99,per-attempt,5,5000,81.58963582560001,3.57398174115868,52.000736,264.10587040000036,434.02610848000046,8.9602,0.0,80.62,True
0.9,0.99,per-request,5,1000,14521.556468568,2069.7681934927386,969.007892,51138.604482,51186.5256811,1421.526,0.22,13709.01,True
0.9,1.0,per-attempt,5,5000,81.58963582560001,3.57398174115868,52.000736,264.10587040000036,434.02610848000046,8.9602,0.0,80.62,True
0.9,1.0,per-request,5,1000,14521.556468568,2069.7681934927386,969.007892,51138.604482,51186.5256811,1421.526,0.22,13709.01,True
